Joueur,Équipe,Matchs,Minutes,Buts,Passes décisives,xG,xA,MinsPerMatch,GoalsPerMatch
Mohamed Salah,Liverpool,14,1237,13,8,10.4297836124897,5.341094482690096,88,0.9285714285714286
Erling Haaland,Manchester City,15,1350,13,1,14.533826172351837,1.5637084767222404,90,0.8666666666666667
Cole Palmer,Chelsea,15,1320,11,6,8.798088733106852,6.733940728008747,88,0.7333333333333333
Chris Wood,Nottingham Forest,15,1180,10,0,6.70914663374424,0.9723502080887556,78,0.6666666666666666
Bryan Mbeumo,Brentford,15,1349,9,2,4.238191209733486,3.6385874673724174,89,0.6
Yoane Wissa,Brentford,12,897,8,1,6.551508113741875,0.7739001102745533,74,0.6666666666666666
Nicolas Jackson,Chelsea,14,1154,8,3,7.861504662781954,1.8455277793109417,82,0.5714285714285714
Matheus Cunha,Wolverhampton Wanderers,15,1258,7,3,3.5051031298935413,3.8613430075347424,83,0.4666666666666667
Ollie Watkins,Aston Villa,15,1157,7,3,10.609676025807858,2.275160029530525,77,0.4666666666666667
Danny Welbeck,Brighton,14,1145,6,2,5.98893528431654,0.7173267938196659,81,0.42857142857142855
Jamie Vardy,Leicester,14,1167,6,3,4.760366067290306,2.0060974061489105,83,0.42857142857142855
Alexander Isak,Newcastle United,13,1059,6,3,5.803527195006609,2.5018039979040623,81,0.46153846153846156
Liam Delap,Ipswich,15,1144,6,1,6.038750857114792,1.2808282971382141,76,0.4
Brennan Johnson,Tottenham,15,1141,6,1,7.1367649883031845,1.373618584126234,76,0.4
Jørgen Strand Larsen,Wolverhampton Wanderers,15,1258,6,2,4.054215960204601,1.7200789023190737,83,0.4
Alex Iwobi,Fulham,15,1313,5,3,2.726556858047843,4.070341218262911,87,0.3333333333333333
Dominic Solanke,Tottenham,12,1072,5,2,7.700027767568827,1.6000905595719814,89,0.4166666666666667
Raúl Jiménez,Fulham,15,916,5,2,6.3293243534862995,2.8686302825808525,61,0.3333333333333333
Kai Havertz,Arsenal,14,1245,5,2,7.419802024960518,2.0901169683784246,88,0.35714285714285715
Harvey Barnes,Newcastle United,15,697,5,1,2.24754923209548,2.2629400193691254,46,0.3333333333333333
James Maddison,Tottenham,15,983,5,4,3.9986314177513123,3.3152244947850704,65,0.3333333333333333
Justin Kluivert,Bournemouth,15,923,5,2,5.374869925901294,1.9347354359924793,61,0.3333333333333333
Bukayo Saka,Arsenal,14,1197,5,10,4.755031269043684,9.022476010024548,85,0.35714285714285715
Luis Díaz,Liverpool,14,793,5,2,3.825440177693963,2.2144341645762324,56,0.35714285714285715
Noni Madueke,Chelsea,14,976,5,2,6.46101138740778,1.1813532263040543,69,0.35714285714285715
Jhon Durán,Aston Villa,15,351,5,0,4.199308756738901,0.2346634343266487,23,0.3333333333333333
Son Heung-Min,Tottenham,12,946,4,4,3.023974908515811,5.177134243771434,78,0.3333333333333333
Marcus Rashford,Manchester United,15,1004,4,1,1.939607534557581,2.171014901250601,66,0.26666666666666666
Jarrod Bowen,West Ham,15,1334,4,4,3.408441072329879,4.890498287975788,88,0.26666666666666666
Jean-Philippe Mateta,Crystal Palace,15,1117,4,1,5.613242015242577,1.5562979597598314,74,0.26666666666666666
João Pedro,Brighton,9,603,4,3,2.6911040265113115,1.720005752518773,67,0.4444444444444444
Tomas Soucek,West Ham,14,988,4,0,3.2480205446481705,0.4958583824336529,70,0.2857142857142857
Kevin Schade,Brentford,15,668,4,1,3.594288170337677,0.6539892964065075,44,0.26666666666666666
Facundo Buonanotte,Leicester,12,901,4,2,3.245423510670662,3.0095478836447,75,0.3333333333333333
Antoine Semenyo,Bournemouth,14,1239,4,1,5.746390260756016,3.452422449365258,88,0.2857142857142857
Morgan Rogers,Aston Villa,15,1254,4,2,3.4832924716174603,3.5088793598115444,83,0.26666666666666666
Evanilson,Bournemouth,14,1066,4,0,6.6331249717622995,1.215865971520543,76,0.2857142857142857
Jordan Ayew,"Crystal Palace,Leicester",15,676,3,0,3.250602077692747,0.14872122835367918,45,0.2
Bruno Fernandes,Manchester United,15,1256,3,5,4.90126252733171,4.364762559533119,83,0.2
Mateo Kovacic,Manchester City,11,894,3,0,0.8774153850972652,1.5581321120262146,81,0.2727272727272727
Harry Wilson,Fulham,11,219,3,0,0.9113854598253965,0.013394213281571865,19,0.2727272727272727
Gabriel,Arsenal,13,1101,3,0,3.011686582118273,0.43518611788749695,84,0.23076923076923078
Rayan Ait Nouri,Wolverhampton Wanderers,15,1299,3,3,2.0626162588596344,1.4496909640729427,86,0.2
Dejan Kulusevski,Tottenham,15,1148,3,3,2.4180599600076675,3.992815524339676,76,0.2
Dwight McNeil,Everton,13,1151,3,3,1.1516401022672653,4.143425122369081,88,0.23076923076923078
Emile Smith-Rowe,Fulham,15,1109,3,2,2.6697698906064034,1.4244025573134422,73,0.2
Leandro Trossard,Arsenal,15,850,3,1,3.783278662711382,1.9762908406555653,56,0.2
Gabriel Martinelli,Arsenal,13,800,3,2,3.5807580053806305,2.0737641230225563,61,0.23076923076923078
Joshua Zirkzee,Manchester United,15,572,3,1,3.5890219677239656,1.3017647042870522,38,0.2
Anthony Gordon,Newcastle United,14,1133,3,1,4.814924627542496,2.674740293994546,80,0.21428571428571427
Josko Gvardiol,Manchester City,14,1209,3,0,2.0082701072096825,1.5269286576658487,86,0.21428571428571427
Alejandro Garnacho,Manchester United,15,941,3,1,5.03341219574213,0.9675212446600199,62,0.2
Kaoru Mitoma,Brighton,15,1287,3,2,4.824372977018356,3.556550994515419,85,0.2
Enzo Fernández,Chelsea,14,962,3,3,1.41106216609478,2.4617892168462276,68,0.21428571428571427
Sammie Szmodics,Ipswich,14,778,3,0,3.8842713087797165,0.11480193212628365,55,0.21428571428571427
Fabian Schär,Newcastle United,13,1107,2,0,0.6869580512866378,0.06902753561735153,85,0.15384615384615385
Joelinton,Newcastle United,15,1248,2,0,2.07605086453259,0.7365869283676147,83,0.13333333333333333
Kevin De Bruyne,Manchester City,9,559,2,2,1.999621395021677,4.335392966866493,62,0.2222222222222222
John Stones,Manchester City,7,278,2,0,0.6664973199367523,0,39,0.2857142857142857
Ross Barkley,Aston Villa,12,396,2,1,1.931170959956944,0.8790303450077772,33,0.16666666666666666
Michael Keane,Everton,9,810,2,0,0.7946690190583467,0.12363456189632416,90,0.2222222222222222
Thomas Partey,Arsenal,14,1203,2,1,0.9918473772704601,1.4141913540661335,85,0.14285714285714285
Christopher Nkunku,Chelsea,14,245,2,1,2.876519337296486,1.4149330891668797,17,0.14285714285714285
Adam Armstrong,Southampton,12,784,2,1,2.62375620380044,0.6873261602595448,65,0.16666666666666666
Dominic Calvert-Lewin,Everton,14,1117,2,1,5.2245348654687405,0.5996980015188456,79,0.14285714285714285
Aaron Wan-Bissaka,West Ham,14,1176,2,0,0.6059641558676958,0.5033945385366678,84,0.14285714285714285
Yves Bissouma,Tottenham,12,744,2,0,0.19564853981137276,0.19599152356386185,62,0.16666666666666666
Jadon Sancho,Chelsea,9,505,2,3,0.6685477048158646,1.2584355548024178,56,0.2222222222222222
Callum Hudson-Odoi,Nottingham Forest,14,1079,2,1,1.199273258447647,1.4370509292930365,77,0.14285714285714285
Curtis Jones,Liverpool,11,571,2,1,2.1459856033325195,0.3129430487751961,51,0.18181818181818182
Diogo Jota,Liverpool,7,507,2,2,3.803277149796486,0.8164496086537838,72,0.2857142857142857
Morgan Gibbs-White,Nottingham Forest,11,871,2,1,1.6364133600145578,1.9359391257166862,79,0.18181818181818182
William Saliba,Arsenal,14,1199,2,0,2.479394316673279,0.5203959345817566,85,0.14285714285714285
Pedro Porro,Tottenham,15,1287,2,2,1.4065383709967136,1.7030955767259002,85,0.13333333333333333
Georginio Rutter,Brighton,14,886,2,2,2.9334173649549484,1.4666455909609795,63,0.14285714285714285
Lucas Paquetá,West Ham,15,1052,2,0,2.3535191919654608,1.1319747157394886,70,0.13333333333333333
Stephy Mavididi,Leicester,14,690,2,0,2.006233334541321,1.043651457875967,49,0.14285714285714285
Marc Guehi,Crystal Palace,15,1350,2,1,1.7445537745952606,0.6918814685195684,90,0.13333333333333333
James Justin,Leicester,14,1255,2,1,0.8788020983338356,0.5461153779178858,89,0.14285714285714285
Mikkel Damsgaard,Brentford,15,1068,2,4,2.128569010645151,3.6304318318143487,71,0.13333333333333333
Jéremy Doku,Manchester City,11,550,2,2,0.9497841522097588,1.4943493138998747,50,0.18181818181818182
Iliman Ndiaye,Everton,14,1092,2,0,1.5771787129342556,0.7548718396574259,78,0.14285714285714285
Dango Ouattara,Bournemouth,12,508,2,2,3.1514388136565685,2.657526036724448,42,0.16666666666666666
Amadou Onana,Aston Villa,10,743,2,0,1.9774937815964222,0.11732264701277018,74,0.2
Ethan Pinnock,Brentford,15,1350,2,0,0.8100743740797043,1.5102842152118683,90,0.13333333333333333
Nathan Collins,Brentford,15,1350,2,1,1.9711016342043877,0.6280886344611645,90,0.13333333333333333
Cameron Archer,Southampton,15,851,2,0,5.299083240330219,0.09895281493663788,56,0.13333333333333333
Carlos Baleba,Brighton,12,828,2,1,0.8498196471482515,0.570726789534092,69,0.16666666666666666
Darwin Núñez,Liverpool,11,619,2,1,2.6361952647566795,1.0321894902735949,56,0.18181818181818182
Joe Ayodele-Aribo,Southampton,14,814,2,0,2.4184633065015078,1.039498845115304,58,0.14285714285714285
Rasmus Højlund,Manchester United,10,616,2,0,1.563484638929367,0.18972457759082317,61,0.2
Cody Gakpo,Liverpool,14,612,2,1,2.8990979082882404,1.8076484724879265,43,0.14285714285714285
João Gomes,Wolverhampton Wanderers,15,1295,2,1,1.2107207048684359,0.4693031832575798,86,0.13333333333333333
Mohammed Kudus,West Ham,10,842,2,1,3.471126154065132,1.3479351084679365,84,0.2
Daniel Muñoz,Crystal Palace,15,1270,2,1,2.9052846543490887,1.4250406250357628,84,0.13333333333333333
Yankuba Minteh,Brighton,10,433,2,1,1.1928833946585655,1.4175015091896057,43,0.2
Michail Antonio,West Ham,14,859,1,1,2.99339403398335,1.598572283051908,61,0.07142857142857142
Ashley Young,Everton,12,1045,1,3,0.1545794941484928,1.5110074877738953,87,0.08333333333333333
Ola Aina,Nottingham Forest,15,1299,1,0,0.11351074185222387,0.9073597975075245,86,0.06666666666666667
Virgil van Dijk,Liverpool,14,1260,1,1,1.1534932795912027,0.4480435196310282,90,0.07142857142857142
Adama Traoré,Fulham,14,826,1,3,3.879275366663933,2.9538220167160034,59,0.07142857142857142
Andreas Pereira,Fulham,14,975,1,0,2.5626990012824535,2.4785006660968065,69,0.07142857142857142
Danny Ings,West Ham,9,157,1,1,1.6746996119618416,0.8166581466794014,17,0.1111111111111111
Emerson,West Ham,15,1134,1,1,1.0180205749347806,0.5530372550711036,75,0.06666666666666667
Mario Lemina,Wolverhampton Wanderers,15,1247,1,3,1.1259673545137048,0.9138216767460108,83,0.06666666666666667
Lewis Cook,Bournemouth,14,1182,1,3,0.7845169194042683,2.5078651225194335,84,0.07142857142857142
Pablo Sarabia,Wolverhampton Wanderers,5,172,1,0,0.9379261210560799,0.25171223282814026,34,0.2
Casemiro,Manchester United,12,751,1,0,0.9967881552875042,1.8497501611709595,62,0.08333333333333333
Martin Odegaard,Arsenal,8,686,1,2,2.0454308968037367,2.6397401466965675,85,0.125
Bernardo Silva,Manchester City,15,1187,1,4,3.011107413098216,3.9911013124510646,79,0.06666666666666667
Mikel Merino,Arsenal,8,404,1,0,1.308153886348009,0.38000574707984924,50,0.125
Ismaila Sarr,Crystal Palace,15,824,1,1,2.7226736918091774,2.5948788579553366,54,0.06666666666666667
Gonçalo Guedes,Wolverhampton Wanderers,12,209,1,2,0.5680464021861553,0.8310361970216036,17,0.08333333333333333
Orel Mangala,Everton,11,573,1,0,0.3163955435156822,0.281340304762125,52,0.09090909090909091
Niclas Füllkrug,West Ham,4,65,1,0,0.8132949471473694,0,16,0.25
Rodrigo Bentancur,Tottenham,10,545,1,0,0.5164269749075174,0.05360686406493187,54,0.1
Nikola Milenkovic,Nottingham Forest,14,1260,1,1,2.1253505758941174,0.5814476609230042,90,0.07142857142857142
Enes Ünal,Bournemouth,12,174,1,1,1.5406122915446758,0.42385105416178703,14,0.08333333333333333
Ibrahima Konaté,Liverpool,12,979,1,1,1.209789514541626,0.34917103312909603,81,0.08333333333333333
Pedro Neto,Chelsea,13,703,1,2,0.63561069406569,2.462122455239296,54,0.07692307692307693
Reiss Nelson,"Arsenal,Fulham",12,491,1,1,1.4182224795222282,1.1306451223790646,40,0.08333333333333333
Trevoh Chalobah,Crystal Palace,9,803,1,0,0.4115753695368767,0.8455903567373753,89,0.1111111111111111
David Brooks,Bournemouth,8,134,1,0,0.9615281820297241,0.23466109856963158,16,0.125
Bobby Reid,Leicester,10,209,1,0,0.6221005925908685,0.09133073687553406,20,0.1
Tom Cairney,Fulham,10,147,1,0,0.032559584826231,1.0188103262335062,14,0.1
Matt Doherty,Wolverhampton Wanderers,8,379,1,0,0.6907530501484871,1.1771382167935371,47,0.125
Axel Disasi,Chelsea,3,183,1,0,0.5318944454193115,0,61,0.3333333333333333
Christian Nørgaard,Brentford,12,1000,1,2,1.6481832098215818,0.567972807213664,83,0.08333333333333333
Cristian Romero,Tottenham,12,976,1,0,1.2029815949499607,0.5379867702722549,81,0.08333333333333333
Ezri Konsa Ngoyo,Aston Villa,13,1091,1,0,0.47486186027526855,0.14669684693217278,83,0.07692307692307693
Jean-Ricner Bellegarde,Wolverhampton Wanderers,13,683,1,2,0.35578408371657133,0.5727940797805786,52,0.07692307692307693
João Félix,Chelsea,9,278,1,1,2.3974050786346197,0.6305101066827774,30,0.1111111111111111
Matthijs de Ligt,Manchester United,15,1067,1,0,1.2407195344567299,0.04875717684626579,71,0.06666666666666667
Amad Diallo Traore,Manchester United,13,781,1,6,1.380247970111668,2.493278667330742,60,0.07692307692307693
Riccardo Calafiori,Arsenal,8,519,1,0,0.5618385458365083,0.08091676235198975,64,0.125
Tariq Lamptey,Brighton,4,188,1,2,0.015745902433991432,0.4996846839785576,47,0.25
Taylor Harwood-Bellis,Southampton,14,1131,1,0,1.7264893501996994,0.9071156922727823,80,0.07142857142857142
George Hirst,Ipswich,8,163,1,1,0.8599511682987213,0.34214659593999386,20,0.125
Wout Faes,Leicester,15,1203,1,0,1.2339492477476597,0.028868532739579678,80,0.06666666666666667
Eberechi Eze,Crystal Palace,12,1034,1,2,3.5496200174093246,2.6443407852202654,86,0.08333333333333333
Maxence Lacroix,Crystal Palace,12,1080,1,1,0.9460413111373782,0.6190028935670853,90,0.08333333333333333
Matthew Cash,Aston Villa,9,650,1,0,0.0985082108527422,0.4765537641942501,72,0.1111111111111111
Leif Davis,Ipswich,15,1350,1,2,0.43122029304504395,4.457036517560482,90,0.06666666666666667
Moisés Caicedo,Chelsea,15,1340,1,2,0.34741989709436893,1.8819972202181816,89,0.06666666666666667
Crysencio Summerville,West Ham,14,589,1,1,1.5411996692419052,1.7374591827392578,42,0.07142857142857142
Fabio Carvalho,Brentford,14,358,1,1,1.6159534193575382,0.5770240947604179,25,0.07142857142857142
Vitaly Janelt,Brentford,14,1157,1,3,0.37565962970256805,1.651535876095295,82,0.07142857142857142
Patson Daka,Leicester,4,58,1,0,0.3771501863375306,0,14,0.25
Dominik Szoboszlai,Liverpool,14,946,1,1,1.6293709371238947,2.1423619464039803,67,0.07142857142857142
Beto,Everton,9,159,1,0,2.056129977107048,0,17,0.1111111111111111
Evan Ferguson,Brighton,10,171,1,0,0.359118077903986,0.12519937753677368,17,0.1
Omari Hutchinson,Ipswich,14,1238,1,1,1.0271955654025078,1.6315651778131723,88,0.07142857142857142
Tyler Dibling,Southampton,14,835,1,0,0.9226263575255871,1.3654542043805122,59,0.07142857142857142
Rodrigo Muniz,Fulham,14,435,1,1,1.5645891577005386,0.6833489611744881,31,0.07142857142857142
Marcus Tavernier,Bournemouth,15,1154,1,4,4.817775916308165,3.1702677849680185,76,0.06666666666666667
Ryan Christie,Bournemouth,14,968,1,0,0.45218940638005733,1.402822932228446,69,0.07142857142857142
Flynn Downes,Southampton,13,1138,1,0,0.8229362051934004,1.2941725589334965,87,0.07692307692307693
Rico Lewis,Manchester City,14,1040,1,2,1.465513490140438,0.2541711740195751,74,0.07142857142857142
Luis Sinisterra,Bournemouth,8,200,1,1,1.6596052329987288,1.237250255420804,25,0.125
Ryan Yates,Nottingham Forest,15,1116,1,0,1.9480470027774572,0.5518427155911922,74,0.06666666666666667
Ethan Nwaneri,Arsenal,8,49,1,0,0.25951709412038326,0.1436309665441513,6,0.125
Jack Hinshelwood,Brighton,10,850,1,0,0.840388304553926,0.17835776321589947,85,0.1
Jurriën Timber,Arsenal,13,1064,1,1,0.8710753284394741,0.9368522875010967,81,0.07692307692307693
Milos Kerkez,Bournemouth,15,1294,1,2,0.30448496900498867,2.7370733991265297,86,0.06666666666666667
Simon Adingra,Brighton,10,317,1,1,0.8462526295334101,0.5659240055829287,31,0.1
Dean Huijsen,Bournemouth,9,415,1,0,0.6133221499621868,0.2169866617769003,46,0.1111111111111111
Murillo,Nottingham Forest,15,1350,1,0,1.4624680997803807,0.9676620960235596,90,0.06666666666666667
Sam Morsy,Ipswich,14,1258,1,1,0.21269690059125423,0.5328280180692673,89,0.07142857142857142
Conor Chaplin,Ipswich,13,465,1,1,1.042224571108818,0.4623437048867345,35,0.07692307692307693
Yukinari Sugawara,Southampton,13,758,1,1,0.19421781599521637,2.789408789947629,58,0.07692307692307693
Mateus Fernandes,Southampton,14,1073,1,1,2.4851791113615036,1.6325324326753616,76,0.07142857142857142
Bilal El Khannouss,Leicester,10,441,1,1,0.2241828553378582,1.9229014031589031,44,0.1
Ramón Sosa,Nottingham Forest,10,118,1,0,0.6561499480158091,0.6437860690057278,11,0.1
Justin Devenny,Crystal Palace,5,202,1,0,0.6547088399529457,0.38865177147090435,40,0.2
Ferdi Kadioglu,Brighton,6,401,1,0,0.6023932620882988,0.16455989610403776,66,0.16666666666666666
Matt O&#039;Riley,Brighton,5,216,1,0,0.7591815367341042,0.3666556552052498,43,0.2
Timo Werner,Tottenham,12,369,0,3,0.953228548169136,2.4578367695212364,30,0.0
Jannik Vestergaard,Leicester,7,563,0,0,0.011205383576452732,0.0206855908036232,80,0.0
Bernd Leno,Fulham,15,1350,0,1,0,0.04459531605243683,90,0.0
Ilkay Gündogan,Manchester City,14,955,0,1,1.694580202922225,0.9618933442980051,68,0.0
Callum Wilson,Newcastle United,4,44,0,0,0,0,11,0.0
Adam Lallana,Southampton,8,318,0,2,0.15231557562947273,0.5301942601799965,39,0.0
James Milner,Brighton,3,176,0,0,0.19204899668693542,0.2607630733400583,58,0.0
Aaron Cresswell,West Ham,5,22,0,0,0.039841603487730026,0.13071348145604134,4,0.0
Nathan Aké,Manchester City,5,296,0,0,0.18146786838769913,0,59,0.0
Seamus Coleman,Everton,1,90,0,0,0.47521984577178955,0,90,0.0
Nathaniel Clyne,Crystal Palace,6,303,0,0,0.01046830415725708,0,50,0.0
Raheem Sterling,Arsenal,6,130,0,1,0.4130832105875015,0.27125173062086105,21,0.0
Alex McCarthy,Southampton,3,270,0,0,0,0,90,0.0
Kyle Walker,Manchester City,11,788,0,0,0.1098661832511425,0.7247695401310921,71,0.0
Christian Eriksen,Manchester United,9,508,0,0,0.15806697495281696,1.6376851983368397,56,0.0
Kieran Trippier,Newcastle United,7,291,0,0,0.06009542569518089,0.15247571468353271,41,0.0
Ben Davies,Tottenham,4,271,0,0,0,0,67,0.0
Idrissa Gueye,Everton,13,983,0,0,0.7529939254745841,0.6146620307117701,75,0.0
Jack Grealish,Manchester City,11,452,0,1,0.5952860582619905,1.3002789663150907,41,0.0
Lukasz Fabianski,West Ham,8,672,0,0,0,0,84,0.0
Jordan Pickford,Everton,14,1260,0,0,0,0.03514539822936058,90,0.0
Jeffrey Schlupp,Crystal Palace,10,67,0,0,0.1513795368373394,0.33485834673047066,6,0.0
Craig Dawson,Wolverhampton Wanderers,12,864,0,0,0.3769594803452492,0.06978518515825272,72,0.0
Jonny Evans,Manchester United,6,287,0,0,0.05577276274561882,0,47,0.0
Adam Smith,Bournemouth,15,939,0,0,0.2666778862476349,0.1453368216753006,62,0.0
Fraser Forster,Tottenham,3,270,0,0,0,0,90,0.0
James Ward-Prowse,"Nottingham Forest,West Ham",7,400,0,0,0.059576899744570255,0.20101170614361763,57,0.0
Kyle Walker-Peters,Southampton,13,1165,0,2,0.4262155909091234,1.3115816293284297,89,0.0
Harrison Reed,Fulham,8,44,0,0,0.01733059622347355,0.07896795868873596,5,0.0
Axel Tuanzebe,Ipswich,9,780,0,0,0.337050199508667,0.5693965200334787,86,0.0
Harry Winks,Leicester,11,862,0,2,0.1328343404456973,1.1132869962602854,78,0.0
Sam Johnstone,Wolverhampton Wanderers,6,540,0,0,0,0.04906415939331055,90,0.0
Mason Holgate,Everton,1,1,0,0,0,0,1,0.0
Joseph Gomez,Liverpool,5,204,0,0,0.3433290123939514,0,40,0.0
Luke Shaw,Manchester United,2,63,0,0,0,0,31,0.0
Tyrone Mings,Aston Villa,1,90,0,0,0.1831924170255661,0,90,0.0
Alisson,Liverpool,6,531,0,0,0,0,88,0.0
Neto,Bournemouth,2,180,0,0,0,0,90,0.0
Jorginho,Arsenal,7,372,0,0,0.03698921576142311,0.17030199989676476,53,0.0
Federico Chiesa,Liverpool,1,15,0,0,0.42075055837631226,0,15,0.0
Sasa Lukic,Fulham,10,803,0,0,0,0.6597282476723194,80,0.0
Emil Krafth,Newcastle United,3,241,0,0,0.027688954025506973,0.05894070118665695,80,0.0
Ben Mee,Brentford,3,3,0,0,0,0,1,0.0
James Tarkowski,Everton,14,1254,0,0,0.7405965686775744,1.1657810807228088,89,0.0
Ryan Fraser,Southampton,7,313,0,0,0.025151601061224937,0.1558907814323902,44,0.0
Harry Maguire,Manchester United,8,355,0,0,0.05378216505050659,0.03874254412949085,44,0.0
Andrew Robertson,Liverpool,13,1042,0,0,0.5832613781094551,2.5409103631973267,80,0.0
Abdoulaye Doucouré,Everton,12,915,0,0,0.4429056737571955,0.47550100134685636,76,0.0
Jack Stephens,Southampton,10,809,0,0,0.20616795867681503,0.26126205921173096,80,0.0
Trent Alexander-Arnold,Liverpool,13,982,0,3,0.4505359102040529,4.197714768350124,75,0.0
Lucas Digne,Aston Villa,15,1111,0,2,0.5259376801550388,5.022522849962115,74,0.0
Jefferson Lerma,Crystal Palace,11,653,0,0,0.29573895037174225,0.8002527095377445,59,0.0
Emiliano Buendía,Aston Villa,7,13,0,0,0.12902846932411194,0.046822335571050644,1,0.0
Alphonse Areola,West Ham,8,678,0,0,0,0,84,0.0
Carlos Soler,West Ham,12,555,0,1,0.6894923280924559,0.541682013310492,46,0.0
Rodri,Manchester City,2,59,0,0,0,0.052060868591070175,29,0.0
Oleksandr Zinchenko,Arsenal,6,219,0,0,0.0573156476020813,0.03717115521430969,36,0.0
Issa Diop,Fulham,10,654,0,0,0.48513777554035187,0.11575043946504593,65,0.0
Maxwel Cornet,Southampton,2,71,0,0,0.0751236081123352,0,35,0.0
Ricardo Pereira,Leicester,2,152,0,0,0,0,76,0.0
Odsonne Edouard,"Crystal Palace,Leicester",6,131,0,0,0.32568828761577606,0.10593332909047604,21,0.0
Álex Moreno,Nottingham Forest,11,815,0,1,0.21700730733573437,0.8366510048508644,74,0.0
Emiliano Martinez,Aston Villa,15,1311,0,0,0,0,87,0.0
Kepa,Bournemouth,10,900,0,0,0,0.025899898260831833,90,0.0
Estupiñán,Brighton,12,879,0,1,0.64723876491189,1.399364572018385,73,0.0
Leon Bailey,Aston Villa,14,744,0,2,0.982738770544529,1.9551039226353168,53,0.0
Gabriel Jesus,Arsenal,12,218,0,0,0.7131863906979561,0.3999500125646591,18,0.0
Wilfred Ndidi,Leicester,15,1239,0,4,1.2004372756928205,2.13533384911716,82,0.0
Nick Pope,Newcastle United,15,1350,0,0,0,0,90,0.0
Declan Rice,Arsenal,13,1113,0,2,1.0439087487757206,3.573529861867428,85,0.0
Scott McTominay,Manchester United,2,15,0,0,0.12602733075618744,0,7,0.0
Tosin Adarabioyo,Chelsea,5,270,0,0,0.1668166071176529,0.01392056792974472,54,0.0
Aaron Ramsdale,Southampton,9,810,0,0,0,0,90,0.0
Diego Carlos,Aston Villa,8,648,0,0,0.9728685170412064,0,81,0.0
Ibrahim Sangare,Nottingham Forest,3,217,0,0,0.016365941613912582,0.008213658817112446,72,0.0
Boubacar Kamara,Aston Villa,6,256,0,0,0,0.10362128168344498,42,0.0
Youri Tielemans,Aston Villa,15,1309,0,4,1.2191651482135057,4.083247108384967,87,0.0
Kenny Tete,Fulham,14,1218,0,2,1.2920048143714666,0.5084680076688528,87,0.0
Richarlison,Tottenham,5,78,0,1,0.3241162896156311,0.6825265288352966,15,0.0
Philip Billing,Bournemouth,5,37,0,0,0.02941633015871048,0.9360461384057999,7,0.0
Jan Bednarek,Southampton,11,985,0,0,0.007854734547436237,0.24208732694387436,89,0.0
Charlie Taylor,Southampton,6,210,0,0,0,0.05513033643364906,35,0.0
Lewis Dunk,Brighton,11,904,0,0,0.4344187080860138,0.4903019182384014,82,0.0
Ederson,Manchester City,12,1080,0,1,0,0.20122335851192474,90,0.0
Phil Foden,Manchester City,10,615,0,1,1.2579729985445738,2.6711656227707863,61,0.0
Jacob Murphy,Newcastle United,12,651,0,4,1.2021472118794918,1.589077029377222,54,0.0
Victor Lindelöf,Manchester United,4,49,0,0,0,0.05152770131826401,12,0.0
Will Hughes,Crystal Palace,13,811,0,2,0.5070171877741814,1.167208580300212,62,0.0
Daichi Kamada,Crystal Palace,11,627,0,0,0.4982820674777031,0.5873613301664591,57,0.0
Timothy Castagne,Fulham,5,133,0,0,0.08018729835748672,0,26,0.0
Nélson Semedo,Wolverhampton Wanderers,12,1056,0,2,0.5584726096130908,0.9592505339533091,88,0.0
Pau Torres,Aston Villa,14,1260,0,0,0.2632361277937889,0.018877271562814713,90,0.0
Boubakary Soumare,Leicester,9,474,0,0,0.088823476806283,0.009648771956562996,52,0.0
Joachim Andersen,"Crystal Palace,Fulham",9,788,0,0,0.25243957806378603,0.10517191886901855,87,0.0
Hamza Choudhury,Leicester,1,11,0,0,0,0,11,0.0
Ben Johnson,Ipswich,7,488,0,1,0.03212675452232361,0.5162577740848064,69,0.0
Eddie Nketiah,Crystal Palace,10,508,0,0,0.9659855552017689,0.4737574830651283,50,0.0
Manuel Akanji,Manchester City,12,1010,0,0,0.2580723986029625,0.2826728895306587,84,0.0
Joe Willock,Newcastle United,12,442,0,1,0.5158929079771042,1.449927557259798,36,0.0
Konstantinos Mavropanos,West Ham,12,861,0,0,0.575341235846281,0.2651519179344177,71,0.0
Jean-Clair Todibo,West Ham,11,646,0,0,0.09884825348854065,0.02975625265389681,58,0.0
Ryan Sessegnon,Fulham,1,1,0,0,0,0,1,0.0
Willy Boly,Nottingham Forest,2,91,0,0,0.08295150846242905,0,45,0.0
Conor Coady,Leicester,4,274,0,0,0,0,68,0.0
Matz Sels,Nottingham Forest,15,1350,0,0,0,0,90,0.0
Robin Olsen,Aston Villa,1,39,0,0,0,0,39,0.0
Arijanet Muric,Ipswich,14,1260,0,0,0,0,90,0.0
Mark Flekken,Brentford,15,1350,0,1,0,0.32480117678642273,90,0.0
Sean Longstaff,Newcastle United,14,655,0,0,0.4065457545220852,0.14498084969818592,46,0.0
Marc Cucurella,Chelsea,14,1105,0,1,0.043491341173648834,0.7542620971798897,78,0.0
Mathias Jensen,Brentford,8,477,0,1,0.25744552444666624,0.8253356963396072,59,0.0
Oliver Skipp,Leicester,9,537,0,0,0.029214464128017426,0.20110003277659416,59,0.0
Jason Steele,Brighton,2,180,0,0,0,0,90,0.0
Benoit Badiashile Mukinayi,Chelsea,4,234,0,0,0,0,58,0.0
Diogo Dalot,Manchester United,15,1319,0,1,0.8463611137121916,1.4572820831090212,87,0.0
Ben White,Arsenal,9,681,0,1,0.11389949358999729,0.41159897297620773,75,0.0
Max Kilman,West Ham,15,1350,0,1,1.3973465412855148,0.5011200979351997,90,0.0
Caleb Okoli,Leicester,9,754,0,0,0.33432834409177303,0,83,0.0
Tyler Adams,Bournemouth,6,347,0,0,0.5760588496923447,0.3141834791749716,57,0.0
Dan Burn,Newcastle United,14,1260,0,0,0.7322981357574463,0.10920710489153862,90,0.0
Miguel Almirón,Newcastle United,6,116,0,0,0.3644547015428543,0.11923523992300034,19,0.0
James Garner,Everton,4,251,0,0,0.06381696462631226,0.015559188090264797,62,0.0
Harvey Elliott,Liverpool,2,6,0,0,0,0,3,0.0
Mark Travers,Bournemouth,3,270,0,0,0,0,90,0.0
Wesley Fofana,Chelsea,12,1024,0,0,0.17787889018654823,0.5068396311253309,85,0.0
Max Aarons,Bournemouth,1,10,0,0,0,0,10,0.0
Adam Webster,Brighton,3,83,0,0,0,0,27,0.0
Dean Henderson,Crystal Palace,15,1350,0,0,0.010927668772637844,0,90,0.0
John McGinn,Aston Villa,13,915,0,1,2.436968170106411,1.7708015721291304,70,0.0
Mason Mount,Manchester United,7,237,0,0,0.5243264678865671,0.096683818846941,33,0.0
Taiwo Awoniyi,Nottingham Forest,11,184,0,0,0.5624362155795097,0.0641731545329094,16,0.0
Caoimhin Kelleher,Liverpool,8,720,0,0,0,0,90,0.0
Takehiro Tomiyasu,Arsenal,1,3,0,0,0.16684184968471527,0,3,0.0
Igor Julio,Brighton,10,738,0,0,0.08350001275539398,0.12492169439792633,73,0.0
Sandro Tonali,Newcastle United,13,647,0,1,1.0121285282075405,0.24125026259571314,49,0.0
Billy Gilmour,Brighton,2,94,0,0,0.08454305678606033,0,47,0.0
Reece James,Chelsea,4,246,0,0,0,0,61,0.0
Lloyd Kelly,Newcastle United,8,301,0,1,0.20899908244609833,0.3751976788043976,37,0.0
Neco Williams,Nottingham Forest,12,535,0,0,1.0248421914875507,0.3278738372027874,44,0.0
Tyrick Mitchell,Crystal Palace,15,1308,0,1,0.296883761882782,2.4758761823177338,87,0.0
William Smallbone,Southampton,4,244,0,0,0.2582741677761078,0.20604629814624786,61,0.0
Nicolás Domínguez,Nottingham Forest,13,700,0,0,0.968261606991291,0.1428328026086092,53,0.0
Guido Rodríguez,West Ham,14,828,0,0,0.12455049622803926,0.08278630673885345,59,0.0
Sander Berge,Fulham,12,791,0,0,0.026623720303177834,0.4348755721002817,65,0.0
Daniel Podence,Wolverhampton Wanderers,2,36,0,0,0.044891152530908585,0,18,0.0
Bruno Guimarães,Newcastle United,15,1342,0,3,0.8061976116150618,1.3943880181759596,89,0.0
Alexis Mac Allister,Liverpool,14,990,0,0,0.562791008502245,1.74658721126616,70,0.0
Armando Broja,Everton,1,1,0,0,0,0,1,0.0
Chris Richards,Crystal Palace,6,356,0,0,0.13703089952468872,0,59,0.0
Jarrad Branthwaite,Everton,7,454,0,0,0.039598073810338974,0,64,0.0
Jorge Cuenca,Fulham,3,3,0,0,0,0,1,0.0
Tommy Doyle,Wolverhampton Wanderers,11,259,0,1,0.22413030359894037,0.16619171854108572,23,0.0
Luke Thomas,Leicester,1,90,0,0,0.03371269628405571,0,90,0.0
Cheick Oumar Doucoure,Crystal Palace,7,242,0,0,0.2111750729382038,0,34,0.0
Kalvin Phillips,Ipswich,7,557,0,0,0.31580966524779797,0.09477787278592587,79,0.0
Jack Harrison,Everton,13,670,0,0,1.5994507521390915,1.3411112613976002,51,0.0
Dara O&#039;Shea,Ipswich,12,1059,0,0,0.7336444854736328,0,88,0.0
Joël Veltman,Brighton,11,964,0,0,0.10032586194574833,0.4272068366408348,87,0.0
Stefan Ortega Moreno,Manchester City,3,270,0,0,0,0,90,0.0
Wataru Endo,Liverpool,6,16,0,0,0,0.022258281707763672,2,0.0
Iyenoma Destiny Udogie,Tottenham,15,1289,0,1,0.3497059941291809,0.9422151297330856,85,0.0
Hee-Chan Hwang,Wolverhampton Wanderers,9,279,0,0,0,0.27098802849650383,31,0.0
Konstantinos Tsimikas,Liverpool,6,218,0,0,0.10366923734545708,0.831640362739563,36,0.0
Guglielmo Vicario,Tottenham,12,1080,0,0,0,0,90,0.0
Conor Townsend,Ipswich,1,1,0,0,0,0.03007659874856472,1,0.0
Antonee Robinson,Fulham,15,1350,0,4,0.25850872322916985,1.6348762586712837,90,0.0
Jacob Ramsey,Aston Villa,10,649,0,2,0.5220721643418074,1.3868568325415254,64,0.0
Rúben Dias,Manchester City,12,991,0,0,0.7802641550078988,0.21338675543665886,82,0.0
Vladimir Coufal,West Ham,8,318,0,0,0.029832908883690834,0.23819967359304428,39,0.0
Malo Gusto,Chelsea,12,878,0,1,1.0024766251444817,0.49207957461476326,73,0.0
Pape Sarr,Tottenham,15,753,0,2,1.208608178421855,1.3000310491770506,50,0.0
Robert Sánchez,Chelsea,14,1260,0,0,0,0,90,0.0
Radu Dragusin,Tottenham,8,620,0,0,0.06330495327711105,0,77,0.0
Elliot Anderson,Nottingham Forest,14,819,0,4,1.0302471444010735,2.322560370899737,58,0.0
Christian Walton,Ipswich,1,90,0,0,0,0,90,0.0
Filip Jorgensen,Chelsea,1,90,0,0,0,0,90,0.0
Jakub Moder,Brighton,2,2,0,0,0,0.02918834425508976,1,0.0
Nathan Broadhead,Ipswich,2,30,0,0,0,0,15,0.0
Jaden Philogene-Bidace,Aston Villa,11,308,0,0,0.5981500707566738,0.08889131247997284,28,0.0
Chimuanya Ugochukwu,Southampton,6,203,0,0,0.43911412358283997,0.10788759589195251,33,0.0
Daniel Jebbison,Bournemouth,2,12,0,0,0,0.02117341011762619,6,0.0
Valentino Livramento,Newcastle United,15,1066,0,0,0,0.5088892746716738,71,0.0
Anthony Elanga,Nottingham Forest,15,831,0,2,0.9763188827782869,1.624050347134471,55,0.0
Tim Iroegbunam,Everton,6,380,0,0,0.1938968524336815,0.09728063642978668,63,0.0
William Osula,Newcastle United,4,9,0,0,0,0,2,0.0
Kamaldeen Sulemana,Southampton,5,37,0,0,0.052806008607149124,0,7,0.0
David Raya,Arsenal,15,1350,0,0,0,0,90,0.0
Kristoffer Ajer,Brentford,8,648,0,0,0.373125821352005,0.3193165808916092,81,0.0
Frank Onyeka,Brentford,2,18,0,0,0,0,9,0.0
Mads Roerslev,Brentford,11,442,0,1,0.015006943605840206,1.2812464088201523,40,0.0
Kiernan Dewsbury-Hall,Chelsea,5,33,0,0,0,0.10975684970617294,6,0.0
José Sá,Wolverhampton Wanderers,9,810,0,0,0,0.02413841150701046,90,0.0
Jesper Lindstrom,Everton,10,490,0,0,1.2116369493305683,1.2122623845934868,49,0.0
Yerson Mosquera,Wolverhampton Wanderers,5,448,0,0,0.4660062603652477,0.09450100734829903,89,0.0
Romeo Lavia,Chelsea,9,502,0,1,0.08131378144025803,0.6860748287290335,55,0.0
Jakub Kiwior,Arsenal,8,307,0,0,0,0.0577365979552269,38,0.0
Lamare Bogarde,Aston Villa,3,222,0,0,0,0.15340229868888855,74,0.0
Jeremy Sarmiento,Brighton,1,4,0,0,0,0,4,0.0
Micky van de Ven,Tottenham,9,797,0,2,0.35075991228222847,1.1784075498580933,88,0.0
Paris Maghoma,Brentford,2,24,0,0,0,0,12,0.0
Samuel Edozie,Southampton,2,57,0,0,0,0.08171311765909195,28,0.0
Conor Bradley,Liverpool,7,220,0,0,0.8294019401073456,0,31,0.0
James McAtee,Manchester City,2,2,0,0,0,0,1,0.0
Kasey McAteer,Leicester,8,244,0,1,1.0333459731191397,0.13528374023735523,30,0.0
Archie Gray,Tottenham,8,135,0,0,0.029445655643939972,0,16,0.0
Jarell Quansah,Liverpool,3,151,0,0,0,0,50,0.0
Lewis Hall,Newcastle United,15,1138,0,1,0.17060383409261703,2.0546958409249783,75,0.0
Vitalii Mykolenko,Everton,12,1015,0,0,0.38814573595300317,0.5079047828912735,84,0.0
Nathan Patterson,Everton,1,15,0,0,0,0.3022741973400116,15,0.0
Toti,Wolverhampton Wanderers,13,1002,0,1,0.04765521548688412,0.6474325843155384,77,0.0
Jens Cajuste,Ipswich,9,482,0,0,0.052874043583869934,0.1134750060737133,53,0.0
Chiquinho,Wolverhampton Wanderers,1,5,0,0,0,0.016207994893193245,5,0.0
Leny Yoro,Manchester United,2,97,0,0,0,0,48,0.0
Noussair Mazraoui,Manchester United,15,1098,0,1,0.24036013055592775,0.22415562439709902,73,0.0
Ryan Gravenberch,Liverpool,14,1240,0,1,0.8237452888861299,1.0604893080890179,88,0.0
Jay Stansfield,Fulham,1,1,0,0,0,0,1,0.0
Sepp van den Berg,Brentford,13,1092,0,0,0.6897393986582756,0.13456488773226738,84,0.0
James Hill,Bournemouth,1,1,0,0,0,0,1,0.0
Harry Toffolo,Nottingham Forest,1,25,0,0,0.022599829360842705,0,25,0.0
Djed Spence,Tottenham,4,55,0,0,0,0,13,0.0
Lisandro Martínez,Manchester United,12,1071,0,0,1.1893520206212997,0.107435442507267,89,0.0
Tyrell Malacia,Manchester United,1,47,0,0,0,0,47,0.0
Levi Colwill,Chelsea,14,1260,0,0,0.6841070055961609,0.6197349904105067,90,0.0
Jan Paul van Hecke,Brighton,13,1072,0,1,0.4274445604532957,0.7698638327419758,82,0.0
Keane Lewis-Potter,Brentford,15,1133,0,1,1.0025365259498358,1.3780766539275646,75,0.0
Wilson Odobert,Tottenham,3,167,0,0,0.7416317705065012,0.050035580061376095,55,0.0
Marcos Senesi,Bournemouth,11,937,0,0,0.6097416877746582,0.23828684724867344,85,0.0
André Onana,Manchester United,15,1350,0,0,0,0.31468600034713745,90,0.0
Santiago Bueno,Wolverhampton Wanderers,8,616,0,0,0.08826123178005219,0,77,0.0
Matheus Nunes,Manchester City,11,439,0,3,0.28894466906785965,1.6259468756616116,39,0.0
Julio Enciso,Brighton,7,64,0,0,0.16035919077694416,0.31042042188346386,9,0.0
Antony,Manchester United,3,34,0,0,0.10934266820549965,0.12602733075618744,11,0.0
Ryan Trevitt,Brentford,1,1,0,0,0,0,1,0.0
Chadi Riad,Crystal Palace,1,90,0,0,0,0,90,0.0
Kobbie Mainoo,Manchester United,9,749,0,0,0.15343454107642174,0.81881994754076,83,0.0
Carlos Alcaraz,Southampton,1,5,0,0,0.039343107491731644,0.05025682970881462,5,0.0
Mykhailo Mudryk,Chelsea,7,133,0,0,0.1225307434797287,1.0799011290073395,19,0.0
Brajan Gruda,Brighton,5,51,0,0,0,0.0772198848426342,10,0.0
Danilo,Nottingham Forest,1,14,0,0,0,0,14,0.0
James Bree,Southampton,3,142,0,0,0,0.3813370540738106,47,0.0
Paul Onuachu,Southampton,6,105,0,0,0.06547609902918339,0.052806008607149124,17,0.0
Victor Kristiansen,Leicester,13,1138,0,1,0,1.3335766643285751,87,0.0
Renato Veiga,Chelsea,7,143,0,0,0.13544834405183792,0,20,0.0
Yasin Ayari,Brighton,12,734,0,0,0.7507183514535427,0.8736891988664865,61,0.0
Illia Zabarnyi,Bournemouth,15,1350,0,0,0.4036499857902527,0.1509176604449749,90,0.0
Samuel Amo-Ameyaw,Southampton,2,21,0,0,0.032747477293014526,0.039343107491731644,10,0.0
Marc Guiu,Chelsea,1,17,0,0,0,0,17,0.0
Bart Verbruggen,Brighton,13,1170,0,0,0,0,90,0.0
Chiedozie Ogbene,Ipswich,5,237,0,0,0,0.07338971272110939,47,0.0
Calvin Bassey,Fulham,15,1350,0,0,0.337322904728353,0.044781312346458435,90,0.0
Sávio,Manchester City,12,743,0,2,1.8566720224916935,3.1131551768630743,61,0.0
Julián Araujo,Bournemouth,8,353,0,0,0,0,44,0.0
Manuel Ugarte,Manchester United,10,502,0,0,0.02312275394797325,1.063088989816606,50,0.0
Yehor Yarmolyuk,Brentford,11,294,0,0,0.5133128985762596,0.1120171956717968,26,0.0
Ian Maatsen,Aston Villa,12,249,0,0,0.08908433746546507,0.9378744959831238,20,0.0
Ben Brereton Díaz,Southampton,10,438,0,0,1.3112603276968002,0.1556207612156868,43,0.0
Edson Álvarez,West Ham,11,627,0,0,0.12339016422629356,0.29683814849704504,57,0.0
Jake O&#039;Brien,Everton,2,25,0,0,0,0,12,0.0
Alex Scott,Bournemouth,8,261,0,0,0.0798612916842103,0.2395208366215229,32,0.0
Myles Lewis-Skelly,Arsenal,2,11,0,0,0,0,5,0.0
Adam Wharton,Crystal Palace,8,635,0,0,0.2038054820150137,0.6202060170471668,79,0.0
Joshua King,Fulham,1,8,0,0,0,0,8,0.0
Toby Collyer,Manchester United,1,39,0,0,0,0.017393389716744423,39,0.0
Mikey Moore,Tottenham,4,81,0,0,0.05237334221601486,0,20,0.0
Yunus Konak,Brentford,4,13,0,0,0.10903885960578918,0,3,0.0
Jacob Greaves,Ipswich,8,720,0,0,0.7904482921585441,0,90,0.0
Luke Woolfenden,Ipswich,5,369,0,0,0.0580514557659626,0,73,0.0
Massimo Luongo,Ipswich,5,147,0,0,0,0,29,0.0
Wes Burns,Ipswich,12,592,0,1,0.2396915666759014,1.5601601898670197,49,0.0
Ali Al-Hamadi,Ipswich,6,44,0,0,0,0.057140130549669266,7,0.0
Marcus Harness,Ipswich,2,37,0,0,0,0,18,0.0
Jack Taylor,Ipswich,10,255,0,0,0.2795183574780822,0.7670453414320946,25,0.0
Cameron Burgess,Ipswich,7,630,0,1,0.4364328347146511,0.17454250901937485,90,0.0
Rodrigo Gomes,Wolverhampton Wanderers,9,258,0,0,0.04844758007675409,0.1440449357032776,28,0.0
Harrison Armstrong,Everton,2,2,0,0,0,0,1,0.0
Mats Wieffer,Brighton,11,394,0,1,0.504617577418685,0.23436692915856838,35,0.0
Joe Lumley,Southampton,3,270,0,0,0,0,90,0.0
Nathan Wood,Southampton,2,180,0,0,0,0,90,0.0
Eric da Silva Moreira,Nottingham Forest,2,27,0,0,0,0,13,0.0
Jota Silva,Nottingham Forest,14,451,0,1,0.6724009271711111,1.4747116100043058,32,0.0
Andy Irving,West Ham,5,32,0,0,0.0210413821041584,0,6,0.0
Kosta Nedeljkovic,Aston Villa,3,89,0,0,0,0,29,0.0
Mads Hermansen,Leicester,15,1350,0,0,0,0,90,0.0
Abdul Fatawu,Leicester,11,571,0,2,0.46604868955910206,1.4724965319037437,51,0.0
Lucas Bergvall,Tottenham,9,52,0,0,0.13792484626173973,0.3721212334930897,5,0.0
Roman Dixon,Everton,1,90,0,0,0,0,90,0.0
George Edmundson,Ipswich,1,1,0,0,0,0,1,0.0
Jack Clarke,Ipswich,13,464,0,1,0.9531886763870716,1.2742636743932962,35,0.0
André,Wolverhampton Wanderers,11,704,0,0,0.05370125826448202,0.16556916199624538,64,0.0
Luis Guilherme,West Ham,2,7,0,0,0,0,3,0.0
Asher Agbinone,Crystal Palace,2,2,0,0,0.015191496349871159,0.023866645991802216,1,0.0
Ross Stewart,Southampton,4,120,0,0,0.12977846339344978,0,30,0.0
Morato,Nottingham Forest,8,127,0,0,0,0,15,0.0
Carlos Forbs,Wolverhampton Wanderers,6,186,0,0,0.11073242872953415,0.03507748618721962,31,0.0
Vítezslav Jaros,Liverpool,1,9,0,0,0,0,9,0.0
Alfie Pond,Wolverhampton Wanderers,1,1,0,0,0,0,1,0.0
Will Lankshear,Tottenham,1,1,0,0,0,0,1,0.0
Caleb Kporha,Crystal Palace,1,1,0,0,0,0,1,0.0
Harry Clarke,Ipswich,4,197,0,0,0.056514352560043335,0,49,0.0
Ryan Manning,Southampton,8,619,0,0,0.15219078585505486,0.6510843932628632,77,0.0
Jahmai Simpson-Pusey,Manchester City,1,90,0,0,0,0,90,0.0
Thiago,Brentford,4,119,0,0,0.08866850286722183,0.11445537582039833,29,0.0
Ronnie Edwards,Southampton,1,7,0,0,0,0,7,0.0
